{"cameraMode":{"drawMode":0,"name":"Shaded","section":"Shading Mode"},"sceneLighting":false,"audioPlay":false,"sceneViewState":{"showFog":true,"showMaterialUpdate":false,"showSkybox":false,"showFlares":true,"showImageEffects":true,"showParticleSystems":true},"in2DMode":false,"pivot":{"x":0.0,"y":0.5264023542404175,"z":0.15888766944408418},"rotation":{"x":0.0916239321231842,"y":0.49582231044769289,"z":-0.052703358232975009,"w":0.8619685769081116},"size":3.9094960689544679,"orthographic":true}